id,date,memberId,serviceId
1,2019-01-11T12:24:06Z,391,wic
2,2019-02-09T10:08:59Z,571,den
3,2018-12-15T07:45:20Z,367,med
4,2019-04-08T15:48:39Z,289,med
5,2019-06-27T13:18:52Z,47,dens
6,2019-01-31T04:51:36Z,131,xma
7,2019-02-04T00:45:58Z,588,wic
8,2019-04-18T05:07:55Z,210,imm
9,2018-11-13T23:06:43Z,144,ahc
10,2019-04-21T13:45:44Z,544,vis
11,2019-08-22T09:59:39Z,781,vis
12,2018-11-10T17:58:11Z,650,dia
13,2019-04-22T08:41:11Z,160,den
14,2019-03-07T23:02:51Z,139,imm
15,2018-12-09T01:20:59Z,842,vis
16,2019-02-10T08:44:25Z,487,wic
17,2019-01-10T04:49:57Z,673,dens
18,2018-12-20T03:10:35Z,155,den
19,2019-06-13T07:53:41Z,822,den
20,2019-08-13T22:17:16Z,317,xma
21,2019-02-16T12:45:36Z,725,xma
22,2018-12-21T13:46:25Z,76,cla
23,2019-04-06T22:12:50Z,18,cla
24,2019-03-30T19:31:33Z,238,xma
25,2019-05-29T02:07:28Z,200,imm
26,2019-05-20T07:13:01Z,52,wic
27,2019-06-26T22:40:50Z,260,foo
28,2018-11-19T17:58:24Z,264,xma
29,2019-04-20T00:59:28Z,213,vis
30,2019-09-11T01:18:41Z,744,imm
31,2019-05-03T16:33:30Z,766,xma
32,2018-12-24T11:44:43Z,948,tha
33,2019-09-29T07:23:48Z,152,dens
34,2019-08-29T05:18:31Z,239,wic
35,2019-05-05T16:54:48Z,426,vis
36,2019-05-12T02:22:55Z,362,xma
37,2019-08-02T14:15:39Z,606,imm
38,2019-02-12T14:00:13Z,225,toy
39,2019-03-03T01:07:45Z,616,vis
40,2018-10-31T21:04:48Z,831,xma
41,2019-04-15T15:07:51Z,761,med
42,2019-09-05T05:19:51Z,752,dia
43,2019-06-02T00:01:31Z,55,cla
44,2019-05-09T21:27:58Z,617,imm
45,2019-08-15T17:26:48Z,519,ahc
46,2019-03-08T22:45:28Z,199,tha
47,2019-08-20T20:16:44Z,111,thk
48,2019-05-01T23:44:17Z,932,imm
49,2019-06-17T00:52:18Z,178,tha
50,2018-12-04T14:43:11Z,52,cla
51,2018-12-14T04:03:20Z,163,vis
52,2019-10-18T15:04:59Z,370,xma
53,2018-12-19T23:16:11Z,582,dia
54,2019-01-29T05:49:00Z,534,vis
55,2019-03-05T03:45:12Z,11,ahc
56,2019-07-15T11:29:20Z,762,dens
57,2019-01-11T20:03:55Z,99,thk
58,2019-06-18T13:23:26Z,377,xma
59,2018-10-26T16:29:29Z,32,den
60,2018-12-20T08:18:49Z,979,xma
61,2019-08-31T14:27:16Z,346,den
62,2019-01-29T03:39:43Z,311,foo
63,2019-05-03T00:55:54Z,125,vis
64,2019-09-13T11:21:25Z,427,den
65,2018-12-04T04:54:03Z,905,tha
66,2018-12-14T14:03:47Z,477,toy
67,2019-05-18T06:51:17Z,640,imm
68,2019-03-31T06:07:21Z,721,thk
69,2019-04-01T01:13:13Z,655,toy
70,2019-02-18T02:57:16Z,395,tha
71,2018-12-06T14:42:35Z,553,xma
72,2019-08-15T01:39:14Z,191,cla
73,2019-10-13T19:48:21Z,262,xma
74,2019-05-19T10:37:51Z,572,tha
75,2019-09-06T21:15:01Z,335,vis
76,2019-02-23T13:11:53Z,985,med
77,2019-01-20T10:35:03Z,845,ahc
78,2019-01-10T20:03:26Z,757,dia
79,2019-04-19T06:53:44Z,184,imm
80,2019-04-28T15:18:37Z,8,toy
81,2019-01-28T01:04:46Z,430,ahc
82,2018-10-22T08:17:09Z,915,dens
83,2019-08-09T16:55:42Z,12,cla
84,2019-04-05T19:33:43Z,205,vis
85,2019-01-05T04:50:39Z,114,ahc
86,2019-10-10T01:10:15Z,245,wic
87,2019-08-29T08:15:50Z,476,dens
88,2018-12-18T19:55:56Z,56,ahc
89,2019-10-09T18:06:56Z,40,vis
90,2018-12-19T00:28:53Z,280,ahc
91,2019-09-21T18:15:48Z,683,foo
92,2019-09-04T17:12:21Z,863,vis
93,2019-06-05T20:29:50Z,965,xma
94,2019-10-11T01:42:58Z,618,dens
95,2019-06-16T16:58:33Z,755,thk
96,2019-04-18T06:30:56Z,526,foo
97,2019-05-04T07:56:16Z,424,imm
98,2019-03-30T16:23:06Z,129,dens
99,2019-09-01T08:25:21Z,499,den
100,2019-09-10T09:47:58Z,503,toy
101,2019-03-23T23:09:57Z,38,ahc
102,2019-06-17T00:47:06Z,169,cla
103,2019-04-07T08:33:37Z,473,toy
104,2019-03-05T06:12:48Z,692,imm
105,2019-06-04T17:56:18Z,441,ahc
106,2019-02-20T02:28:53Z,737,foo
107,2018-12-05T05:09:18Z,557,med
108,2019-05-24T22:18:43Z,377,med
109,2019-07-13T16:08:34Z,374,xma
110,2019-04-01T09:47:49Z,315,den
111,2019-06-28T06:02:21Z,370,tha
112,2019-02-12T10:56:12Z,383,dia
113,2019-06-25T23:31:33Z,364,dens
114,2019-06-01T05:17:01Z,899,foo
115,2018-12-02T23:09:33Z,848,imm
116,2019-01-05T05:35:37Z,304,med
117,2019-07-06T06:53:19Z,807,toy
118,2019-03-18T15:55:40Z,921,thk
119,2019-09-18T09:37:35Z,856,tha
120,2019-05-03T17:15:14Z,625,imm
121,2019-06-17T22:41:11Z,458,foo
122,2019-03-13T01:07:22Z,945,imm
123,2018-12-27T01:04:25Z,504,cla
124,2019-07-14T03:04:00Z,77,cla
125,2019-08-08T04:53:24Z,286,toy
126,2019-07-28T22:31:20Z,696,den
127,2018-12-17T16:50:36Z,916,cla
128,2019-06-15T06:29:26Z,635,vis
129,2019-02-16T09:53:37Z,720,imm
130,2019-08-25T12:30:47Z,273,tha
131,2019-08-04T01:11:11Z,168,thk
132,2018-10-30T00:27:08Z,249,den
133,2019-10-15T09:02:42Z,470,dia
134,2019-04-28T05:18:15Z,402,ahc
135,2019-02-12T12:14:09Z,17,ahc
136,2018-12-03T03:21:37Z,613,den
137,2019-07-26T18:30:13Z,935,med
138,2019-03-18T20:11:42Z,310,cla
139,2019-03-18T21:24:41Z,900,den
140,2019-05-18T15:12:32Z,296,den
141,2018-12-24T18:50:54Z,399,imm
142,2019-06-30T18:55:23Z,196,toy
143,2019-02-14T00:10:00Z,644,imm
144,2019-04-24T21:33:33Z,17,med
145,2019-02-06T02:05:12Z,518,foo
146,2019-01-14T05:33:10Z,311,xma
147,2019-02-13T15:51:13Z,929,dens
148,2019-05-12T13:07:01Z,293,imm
149,2019-02-02T22:10:46Z,154,dia
150,2019-02-23T03:16:44Z,847,thk
151,2018-12-25T10:32:15Z,647,tha
152,2019-07-20T04:44:32Z,205,med
153,2019-02-02T05:48:10Z,737,wic
154,2019-06-23T11:46:56Z,530,vis
155,2019-05-27T05:20:00Z,998,wic
156,2018-11-06T09:08:06Z,363,den
157,2019-03-03T22:27:29Z,356,tha
158,2019-04-11T17:21:35Z,14,foo
159,2019-03-08T19:56:59Z,636,den
160,2018-12-13T23:26:19Z,493,thk
161,2018-11-22T10:48:57Z,157,dens
162,2018-12-12T20:56:58Z,806,toy
163,2018-11-13T20:56:24Z,443,dens
164,2019-03-31T00:18:55Z,271,ahc
165,2019-09-28T06:52:13Z,991,thk
166,2019-10-10T16:56:37Z,874,xma
167,2018-12-30T04:55:08Z,617,imm
168,2018-11-12T04:48:25Z,112,tha
169,2019-10-07T22:47:19Z,875,foo
170,2019-06-30T19:44:28Z,731,toy
171,2019-05-17T03:07:47Z,911,xma
172,2019-08-30T06:42:35Z,502,toy
173,2018-12-22T20:31:53Z,492,dens
174,2018-12-08T05:29:34Z,81,thk
175,2019-10-08T13:43:56Z,40,tha
176,2019-09-09T13:42:18Z,519,med
177,2018-11-04T00:23:54Z,384,den
178,2019-07-01T04:47:19Z,854,dia
179,2019-01-21T20:39:58Z,797,dia
180,2019-05-24T19:30:11Z,567,tha
181,2019-08-07T16:31:24Z,136,vis
182,2019-07-19T22:45:30Z,129,den
183,2018-12-31T12:01:46Z,499,med
184,2019-08-11T09:24:47Z,79,med
185,2019-04-23T05:22:50Z,392,dia
186,2019-01-15T10:16:14Z,293,xma
187,2019-03-26T10:14:53Z,578,toy
188,2019-10-18T05:42:49Z,232,foo
189,2019-07-24T04:28:14Z,718,vis
190,2018-10-22T21:50:20Z,932,wic
191,2018-10-30T22:32:43Z,852,dens
192,2018-11-06T02:39:40Z,645,wic
193,2019-02-05T18:17:23Z,502,vis
194,2019-07-13T16:57:15Z,695,den
195,2019-05-01T01:27:24Z,302,imm
196,2019-03-06T13:15:08Z,69,den
197,2018-11-04T21:43:13Z,785,tha
198,2018-10-29T22:45:33Z,218,toy
199,2019-05-27T04:58:30Z,988,ahc
200,2019-06-26T06:44:26Z,579,den
201,2018-10-21T02:19:53Z,540,wic
202,2019-05-26T19:44:03Z,9,vis
203,2019-08-06T13:17:40Z,52,dia
204,2019-04-28T18:11:41Z,390,imm
205,2018-12-25T18:17:37Z,631,vis
206,2019-07-08T00:55:59Z,648,ahc
207,2019-02-15T20:08:26Z,144,ahc
208,2019-07-14T00:55:02Z,308,foo
209,2019-07-05T11:08:49Z,532,xma
210,2019-02-22T22:40:31Z,365,cla
211,2019-05-16T22:04:45Z,910,den
212,2019-05-01T00:16:54Z,172,den
213,2019-08-02T13:50:49Z,261,imm
214,2019-01-30T10:01:11Z,146,dia
215,2018-12-05T01:41:00Z,943,den
216,2019-05-27T04:03:19Z,105,thk
217,2019-04-11T08:36:47Z,481,toy
218,2019-07-23T12:13:47Z,278,med
219,2019-05-21T19:26:34Z,901,tha
220,2019-05-05T05:47:43Z,901,ahc
221,2019-02-11T05:31:13Z,380,ahc
222,2018-12-25T03:53:06Z,534,foo
223,2019-01-26T07:43:28Z,754,toy
224,2019-05-12T21:45:05Z,592,den
225,2019-02-12T05:28:15Z,566,xma
226,2019-04-11T21:31:02Z,949,thk
227,2019-08-14T23:17:46Z,820,xma
228,2019-01-29T17:37:17Z,489,thk
229,2018-12-04T19:18:49Z,204,foo
230,2019-07-18T02:14:54Z,812,thk
231,2019-03-27T13:38:50Z,7,dens
232,2019-06-28T13:28:20Z,316,tha
233,2018-12-04T07:46:40Z,157,wic
234,2019-07-11T08:06:19Z,415,imm
235,2019-03-12T05:00:33Z,537,ahc
236,2019-09-14T04:39:18Z,192,dia
237,2019-04-26T16:18:35Z,605,med
238,2019-04-24T21:26:23Z,403,toy
239,2019-01-20T09:16:01Z,924,dia
240,2019-08-25T20:59:20Z,117,thk
241,2019-07-28T01:49:20Z,133,toy
242,2019-05-09T05:27:58Z,407,toy
243,2019-02-24T15:23:56Z,786,dens
244,2019-08-29T20:49:09Z,958,xma
245,2019-01-10T12:07:22Z,999,thk
246,2019-03-08T05:29:28Z,837,foo
247,2019-08-02T10:57:45Z,782,wic
248,2018-12-11T17:59:18Z,764,ahc
249,2019-09-16T13:45:03Z,995,foo
250,2019-04-09T11:28:10Z,718,dia
251,2019-07-14T13:16:03Z,698,dia
252,2019-01-18T02:22:53Z,997,tha
253,2019-06-26T00:00:32Z,805,vis
254,2019-05-17T00:14:42Z,846,dens
255,2019-09-13T14:13:54Z,13,den
256,2019-05-14T04:18:15Z,325,med
257,2019-08-02T12:30:16Z,920,wic
258,2019-03-19T18:02:56Z,713,wic
259,2019-07-22T15:42:53Z,451,toy
260,2019-04-11T11:43:54Z,403,tha
261,2018-12-05T18:11:50Z,422,den
262,2019-07-06T08:43:52Z,660,xma
263,2019-09-28T20:48:40Z,632,xma
264,2018-12-18T14:32:32Z,565,den
265,2018-12-05T07:58:42Z,605,med
266,2019-10-11T04:56:24Z,596,foo
267,2019-06-08T10:07:38Z,276,wic
268,2019-06-02T20:51:50Z,487,xma
269,2019-09-22T04:14:37Z,197,toy
270,2019-01-24T13:40:57Z,397,xma
271,2019-06-11T18:51:37Z,785,foo
272,2019-02-10T20:19:12Z,289,xma
273,2019-05-31T14:27:09Z,25,xma
274,2019-10-17T16:53:38Z,484,xma
275,2019-06-12T21:37:25Z,457,xma
276,2018-12-19T23:42:56Z,555,vis
277,2019-10-07T21:47:07Z,357,dens
278,2019-04-18T21:15:39Z,78,xma
279,2018-11-21T19:31:35Z,208,med
280,2019-09-01T13:15:06Z,810,imm
281,2019-04-18T08:14:02Z,686,dens
282,2018-11-08T19:47:01Z,167,foo
283,2019-04-20T17:18:57Z,589,tha
284,2019-08-28T10:47:04Z,265,vis
285,2019-06-28T01:28:45Z,170,cla
286,2019-02-21T00:55:32Z,51,toy
287,2019-10-17T07:57:15Z,591,thk
288,2019-07-01T07:29:12Z,202,tha
289,2019-03-10T21:42:44Z,34,wic
290,2019-05-07T15:51:58Z,357,thk
291,2018-11-06T21:08:11Z,253,tha
292,2019-06-22T00:24:08Z,556,xma
293,2019-06-07T16:54:57Z,904,dens
294,2019-08-23T09:49:15Z,231,thk
295,2019-04-24T16:40:40Z,208,ahc
296,2018-10-21T15:01:22Z,98,dia
297,2019-09-11T04:05:40Z,454,cla
298,2019-08-07T13:15:42Z,475,vis
299,2019-09-05T04:46:26Z,716,ahc
300,2018-12-08T10:19:19Z,328,cla
301,2019-10-18T12:59:58Z,328,thk
302,2019-05-16T23:21:04Z,984,xma
303,2019-01-17T17:58:37Z,666,med
304,2019-04-01T17:47:15Z,44,dia
305,2018-10-27T00:22:10Z,776,den
306,2019-10-12T00:16:22Z,279,thk
307,2019-08-15T12:55:26Z,955,toy
308,2019-03-30T06:48:31Z,162,cla
309,2019-04-18T11:40:51Z,221,vis
310,2018-12-10T16:52:57Z,684,dens
311,2018-12-22T10:40:41Z,871,med
312,2019-03-15T05:29:12Z,963,imm
313,2019-06-09T18:57:02Z,100,cla
314,2019-07-05T12:29:20Z,5,thk
315,2019-07-20T18:59:35Z,914,toy
316,2018-11-29T20:47:53Z,880,xma
317,2019-08-30T00:43:05Z,65,imm
318,2019-04-08T03:23:06Z,729,ahc
319,2018-12-31T11:19:49Z,509,xma
320,2019-03-05T14:40:37Z,260,med
321,2019-04-11T20:23:32Z,121,den
322,2018-10-27T18:31:39Z,620,med
323,2019-09-17T14:05:51Z,374,foo
324,2019-10-02T10:32:00Z,62,med
325,2019-04-24T02:56:44Z,998,cla
326,2018-11-19T13:05:05Z,296,toy
327,2019-08-24T13:36:43Z,782,vis
328,2019-02-21T17:46:48Z,611,foo
329,2019-04-08T07:10:23Z,890,toy
330,2018-12-30T14:33:20Z,703,foo
331,2019-07-10T17:09:23Z,246,vis
332,2018-10-23T12:56:02Z,260,xma
333,2019-03-20T21:28:50Z,224,toy
334,2018-12-28T03:57:02Z,14,dia
335,2019-02-01T16:52:53Z,611,tha
336,2019-08-07T18:48:59Z,897,foo
337,2018-12-10T17:57:19Z,766,xma
338,2019-02-27T12:00:47Z,602,thk
339,2019-05-16T19:37:57Z,768,vis
340,2019-01-28T20:56:14Z,79,vis
341,2019-03-10T12:57:49Z,149,dia
342,2019-01-27T19:59:49Z,628,foo
343,2019-04-03T04:00:52Z,889,imm
344,2019-04-07T15:55:21Z,519,xma
345,2019-01-17T02:30:14Z,771,dens
346,2018-12-12T06:54:14Z,533,vis
347,2019-06-08T14:25:38Z,515,dens
348,2018-12-14T06:25:06Z,79,imm
349,2019-04-12T16:33:18Z,233,tha
350,2019-05-21T19:57:18Z,813,tha
351,2019-05-20T17:01:36Z,505,thk
352,2019-08-12T09:37:49Z,32,vis
353,2019-04-02T08:04:22Z,854,imm
354,2019-04-21T09:32:56Z,945,thk
355,2018-10-24T14:45:43Z,226,vis
356,2018-12-14T07:43:21Z,378,cla
357,2018-10-21T20:24:15Z,482,cla
358,2018-11-05T13:58:24Z,727,imm
359,2018-12-02T04:27:36Z,414,den
360,2019-09-23T11:25:52Z,816,dia
361,2019-03-10T20:46:22Z,81,thk
362,2019-02-17T17:48:04Z,567,vis
363,2019-01-21T17:30:58Z,150,thk
364,2019-08-05T03:45:10Z,448,wic
365,2019-10-14T16:45:30Z,379,med
366,2019-02-08T13:53:53Z,849,vis
367,2019-05-13T07:18:06Z,10,med
368,2019-01-19T00:06:02Z,165,dia
369,2018-11-12T11:12:55Z,284,dia
370,2018-11-22T10:59:41Z,942,tha
371,2019-08-22T21:25:42Z,663,ahc
372,2019-09-04T00:50:20Z,461,wic
373,2018-12-02T16:19:51Z,495,toy
374,2019-08-23T09:43:19Z,593,den
375,2018-12-18T04:03:30Z,993,dens
376,2019-07-20T00:51:59Z,569,vis
377,2019-10-13T09:00:18Z,207,den
378,2019-09-12T16:19:59Z,797,dens
379,2019-09-16T04:42:15Z,631,foo
380,2019-02-21T17:53:30Z,120,imm
381,2019-09-30T21:54:24Z,599,cla
382,2019-04-27T03:27:40Z,503,toy
383,2019-07-21T03:35:40Z,234,vis
384,2018-11-09T01:40:35Z,522,toy
385,2019-06-14T06:00:05Z,333,dia
386,2019-01-24T23:00:49Z,200,den
387,2019-03-05T05:16:32Z,950,imm
388,2019-03-24T18:51:01Z,695,ahc
389,2019-08-20T13:51:04Z,888,wic
390,2019-09-22T23:54:11Z,188,xma
391,2018-12-27T01:15:45Z,710,cla
392,2018-10-21T08:06:50Z,69,xma
393,2019-05-30T22:40:55Z,820,wic
394,2019-03-28T23:23:10Z,915,cla
395,2019-03-21T13:15:04Z,982,vis
396,2019-07-26T21:09:48Z,191,wic
397,2019-07-13T12:40:41Z,936,dens
398,2019-07-13T17:23:52Z,887,dia
399,2019-10-14T00:19:48Z,739,vis
400,2018-11-25T21:21:41Z,510,dens
401,2019-07-22T12:52:54Z,971,tha
402,2019-09-29T15:34:02Z,652,dens
403,2019-03-24T07:39:05Z,733,foo
404,2019-08-17T07:29:55Z,263,cla
405,2019-09-08T20:34:28Z,807,xma
406,2019-02-05T17:55:27Z,282,foo
407,2018-12-21T10:12:54Z,177,med
408,2019-04-02T18:43:39Z,45,dens
409,2019-07-14T20:59:43Z,224,dens
410,2018-11-24T06:33:18Z,134,imm
411,2019-03-25T06:00:10Z,813,foo
412,2019-05-23T01:04:40Z,604,thk
413,2019-01-31T20:58:17Z,733,tha
414,2019-02-22T15:08:40Z,642,toy
415,2018-11-17T13:11:41Z,387,vis
416,2019-01-18T08:35:19Z,303,thk
417,2019-04-18T15:32:28Z,75,imm
418,2019-06-13T05:24:06Z,271,thk
419,2019-04-13T18:21:57Z,406,xma
420,2019-06-18T16:44:22Z,752,thk
421,2019-02-10T00:24:59Z,422,tha
422,2019-10-14T10:26:16Z,165,xma
423,2019-01-28T18:58:44Z,708,thk
424,2019-01-31T11:13:11Z,346,den
425,2019-07-06T09:43:28Z,248,toy
426,2019-02-17T07:10:15Z,641,tha
427,2018-12-05T12:19:34Z,234,ahc
428,2018-11-16T06:10:13Z,860,foo
429,2019-08-18T22:00:59Z,757,foo
430,2019-10-10T20:47:07Z,305,imm
431,2019-08-11T13:22:42Z,406,vis
432,2018-12-08T16:48:00Z,848,toy
433,2018-12-28T01:46:41Z,103,foo
434,2019-08-06T05:03:38Z,208,ahc
435,2019-02-21T23:48:40Z,303,ahc
436,2019-01-14T22:06:42Z,219,thk
437,2019-07-29T19:52:12Z,676,tha
438,2019-09-19T00:55:00Z,472,imm
439,2019-02-21T14:04:54Z,760,dia
440,2019-03-01T13:39:44Z,631,den
441,2019-01-24T08:51:02Z,85,foo
442,2018-12-13T06:33:41Z,166,imm
443,2019-07-30T08:29:02Z,35,dens
444,2019-10-02T11:49:33Z,752,ahc
445,2019-04-13T14:55:31Z,77,cla
446,2019-02-23T01:07:58Z,327,toy
447,2018-12-15T09:43:21Z,176,foo
448,2019-02-21T17:57:05Z,18,wic
449,2019-07-27T09:12:07Z,681,med
450,2019-05-26T12:47:43Z,261,wic
451,2019-03-21T02:14:37Z,977,vis
452,2019-05-25T16:10:12Z,283,imm
453,2019-09-09T13:20:10Z,497,den
454,2019-07-13T17:19:09Z,609,foo
455,2019-10-19T18:39:22Z,636,toy
456,2019-09-15T06:12:03Z,177,dens
457,2018-11-10T23:03:01Z,764,tha
458,2019-02-16T03:24:13Z,559,wic
459,2019-01-30T22:53:57Z,112,dens
460,2019-05-30T02:26:06Z,953,wic
461,2018-11-17T22:19:14Z,135,wic
462,2018-11-05T00:03:03Z,893,den
463,2018-12-27T00:27:54Z,123,dens
464,2018-12-16T06:52:02Z,507,foo
465,2019-04-10T03:50:45Z,572,dens
466,2018-11-23T09:11:03Z,454,ahc
467,2019-02-23T20:21:43Z,351,ahc
468,2018-10-24T05:28:56Z,49,foo
469,2019-03-02T12:33:52Z,802,den
470,2019-07-27T22:48:20Z,608,wic
471,2019-02-21T20:19:24Z,343,dens
472,2019-06-23T15:01:03Z,561,ahc
473,2019-05-30T03:34:51Z,836,den
474,2019-07-27T16:16:43Z,528,imm
475,2019-04-20T17:58:06Z,905,thk
476,2019-03-28T14:44:33Z,563,med
477,2019-05-18T16:03:22Z,917,dens
478,2019-03-05T06:12:15Z,723,wic
479,2018-12-18T06:31:39Z,411,thk
480,2019-02-08T00:08:48Z,229,med
481,2019-07-04T13:41:38Z,47,xma
482,2019-05-20T09:03:00Z,263,med
483,2018-11-09T12:23:48Z,49,imm
484,2018-11-30T17:10:46Z,415,med
485,2019-08-05T13:57:38Z,509,wic
486,2019-05-12T14:47:11Z,42,dia
487,2018-11-28T02:22:48Z,423,foo
488,2019-01-31T12:46:24Z,183,cla
489,2019-03-31T10:38:45Z,467,xma
490,2019-10-04T03:48:53Z,671,den
491,2019-04-19T21:46:14Z,972,den
492,2019-04-06T21:30:56Z,540,tha
493,2018-12-17T22:19:51Z,135,dia
494,2018-11-30T02:23:37Z,459,wic
495,2019-06-22T10:13:40Z,20,foo
496,2019-09-28T15:18:06Z,909,toy
497,2019-03-24T17:22:24Z,686,toy
498,2019-09-06T04:18:11Z,333,dens
499,2019-08-24T09:24:50Z,509,wic
500,2019-05-30T11:35:00Z,346,dens
501,2019-08-10T18:27:57Z,177,vis
502,2019-01-01T11:46:10Z,875,tha
503,2018-12-23T09:48:45Z,746,vis
504,2018-12-21T05:48:38Z,174,thk
505,2019-01-05T06:48:12Z,282,dia
506,2019-06-25T15:43:02Z,499,ahc
507,2018-12-04T14:19:28Z,130,toy
508,2019-06-09T18:32:24Z,302,thk
509,2019-04-03T06:19:04Z,336,den
510,2019-06-13T11:34:10Z,87,dens
511,2019-01-07T01:41:24Z,387,wic
512,2019-09-04T03:29:57Z,506,den
513,2019-02-12T06:07:09Z,769,den
514,2018-12-13T08:44:01Z,275,xma
515,2019-06-02T04:38:23Z,129,cla
516,2019-10-02T08:50:39Z,236,dia
517,2019-06-16T22:46:19Z,433,xma
518,2018-12-25T02:32:47Z,124,vis
519,2019-01-24T11:02:27Z,447,tha
520,2019-09-26T06:39:12Z,569,foo
521,2019-06-08T05:12:59Z,581,den
522,2019-02-03T16:59:08Z,416,vis
523,2018-12-14T12:14:50Z,780,vis
524,2019-05-23T05:48:27Z,932,dia
525,2019-01-31T15:57:36Z,130,tha
526,2018-11-20T10:49:33Z,275,thk
527,2019-08-20T21:30:06Z,165,den
528,2019-05-01T08:47:39Z,801,foo
529,2019-03-27T18:27:21Z,43,vis
530,2019-03-15T01:50:58Z,255,cla
531,2019-04-08T20:19:46Z,776,foo
532,2019-05-28T12:20:10Z,492,vis
533,2019-08-30T15:05:07Z,452,dia
534,2019-04-27T13:09:37Z,467,foo
535,2019-08-07T21:17:08Z,307,foo
536,2019-05-23T19:00:15Z,887,dia
537,2018-11-24T19:30:16Z,192,med
538,2019-09-12T02:35:19Z,492,den
539,2018-11-17T23:50:45Z,841,foo
540,2019-07-03T23:55:29Z,998,ahc
541,2019-06-23T17:36:56Z,452,thk
542,2019-02-22T07:31:14Z,973,foo
543,2019-09-04T06:03:09Z,767,den
544,2019-04-12T04:31:20Z,69,med
545,2019-07-25T16:52:36Z,825,dens
546,2019-09-07T13:37:27Z,439,vis
547,2019-05-16T00:01:22Z,851,wic
548,2019-06-23T07:56:59Z,461,xma
549,2019-03-19T05:03:19Z,445,wic
550,2019-05-18T01:01:18Z,73,toy
551,2019-06-22T23:34:51Z,925,dia
552,2019-06-04T17:46:42Z,653,ahc
553,2019-06-02T23:03:48Z,125,den
554,2019-05-24T22:18:02Z,913,toy
555,2019-04-02T15:28:40Z,999,ahc
556,2019-03-09T16:53:11Z,610,dia
557,2019-03-19T23:29:38Z,439,med
558,2019-09-04T18:40:14Z,166,foo
559,2019-08-14T02:01:25Z,373,vis
560,2019-02-13T02:09:33Z,990,cla
561,2018-11-13T04:43:37Z,143,dens
562,2019-01-04T17:46:43Z,11,xma
563,2019-01-03T04:27:55Z,409,tha
564,2019-08-10T15:41:41Z,413,tha
565,2018-11-06T15:21:26Z,841,vis
566,2019-01-24T04:10:52Z,167,cla
567,2019-08-18T03:33:01Z,902,vis
568,2019-03-29T19:14:07Z,507,den
569,2019-06-09T23:54:24Z,456,tha
570,2019-09-22T12:49:39Z,217,wic
571,2018-11-28T16:37:22Z,60,vis
572,2018-11-02T00:03:07Z,799,dia
573,2019-05-02T13:44:40Z,62,tha
574,2019-08-01T03:38:06Z,554,dens
575,2019-10-02T08:44:34Z,668,tha
576,2018-12-13T14:40:38Z,752,dia
577,2019-02-05T06:03:45Z,517,dens
578,2019-06-24T14:03:14Z,923,den
579,2019-04-14T14:13:48Z,923,foo
580,2019-02-26T18:21:51Z,220,cla
581,2018-12-22T13:55:01Z,729,dens
582,2018-12-13T04:34:48Z,291,ahc
583,2019-02-18T07:09:11Z,429,thk
584,2019-01-19T08:09:30Z,863,med
585,2018-11-20T20:50:56Z,447,wic
586,2018-12-07T04:03:27Z,158,wic
587,2019-05-30T10:58:02Z,125,wic
588,2019-07-09T06:54:26Z,166,dia
589,2019-03-24T21:42:30Z,261,den
590,2018-12-09T11:50:24Z,380,dens
591,2019-05-27T19:32:16Z,482,ahc
592,2019-04-08T10:44:41Z,217,med
593,2019-06-23T02:32:36Z,948,wic
594,2019-03-30T23:13:51Z,29,den
595,2019-03-06T11:01:14Z,430,xma
596,2019-09-15T17:48:32Z,588,dia
597,2019-09-15T19:03:49Z,847,thk
598,2019-09-29T13:03:44Z,42,foo
599,2019-05-28T06:43:03Z,307,ahc
600,2019-06-02T09:53:20Z,42,thk
601,2019-07-20T00:09:22Z,778,dens
602,2019-07-12T11:05:49Z,752,imm
603,2019-09-10T15:48:22Z,543,toy
604,2019-01-30T07:56:52Z,318,xma
605,2019-02-13T02:54:42Z,894,cla
606,2018-12-06T05:37:50Z,859,den
607,2019-10-18T19:27:16Z,6,dens
608,2018-11-20T23:44:58Z,117,wic
609,2018-11-22T18:22:25Z,990,imm
610,2018-11-17T03:02:21Z,697,cla
611,2019-09-02T08:33:05Z,367,med
612,2019-03-18T23:34:35Z,892,med
613,2018-12-15T00:44:43Z,979,xma
614,2019-10-01T18:41:47Z,786,wic
615,2019-05-20T22:15:55Z,399,dia
616,2018-11-26T06:40:31Z,31,dia
617,2018-11-14T15:40:21Z,776,wic
618,2019-02-28T21:26:22Z,677,vis
619,2018-12-21T12:37:33Z,84,toy
620,2018-11-14T05:04:26Z,966,dia
621,2019-03-21T02:26:00Z,761,foo
622,2019-05-01T02:26:38Z,55,cla
623,2019-08-16T11:08:21Z,740,imm
624,2018-11-18T13:29:29Z,842,imm
625,2019-05-29T07:57:38Z,266,med
626,2019-09-27T20:18:27Z,379,imm
627,2019-09-21T07:42:34Z,99,foo
628,2018-11-02T23:06:22Z,215,den
629,2019-07-04T14:40:14Z,831,foo
630,2019-05-01T00:29:15Z,735,dia
631,2019-10-19T09:38:21Z,450,foo
632,2019-10-06T14:13:24Z,646,cla
633,2019-01-11T21:11:52Z,844,med
634,2018-10-28T17:33:58Z,905,ahc
635,2019-02-13T02:59:01Z,236,med
636,2018-12-24T17:17:02Z,905,dia
637,2019-02-08T11:54:03Z,807,toy
638,2018-10-30T08:31:01Z,185,tha
639,2019-03-10T22:20:54Z,746,xma
640,2019-07-27T01:40:55Z,936,toy
641,2019-07-03T11:54:32Z,770,dens
642,2019-06-07T18:09:20Z,334,imm
643,2018-12-31T02:37:56Z,830,den
644,2019-07-16T15:35:33Z,733,thk
645,2019-03-27T08:35:33Z,329,toy
646,2019-03-07T10:18:02Z,368,thk
647,2019-09-28T22:34:10Z,370,den
648,2019-09-16T10:28:44Z,897,vis
649,2019-05-03T05:41:18Z,508,toy
650,2019-08-06T09:37:16Z,945,med
651,2019-01-20T14:24:03Z,302,wic
652,2018-11-19T14:45:58Z,555,tha
653,2019-05-25T07:37:36Z,327,vis
654,2019-05-26T19:24:17Z,134,xma
655,2019-06-07T21:04:53Z,667,xma
656,2019-01-13T20:55:39Z,61,tha
657,2019-07-27T21:03:17Z,477,tha
658,2019-01-16T17:03:48Z,665,tha
659,2019-05-07T21:35:32Z,195,den
660,2019-09-17T09:07:34Z,580,ahc
661,2018-11-07T00:42:45Z,116,dia
662,2019-02-19T19:07:42Z,30,thk
663,2019-07-07T10:39:02Z,319,ahc
664,2019-10-14T22:20:18Z,465,dia
665,2019-05-02T12:58:08Z,559,thk
666,2018-12-16T23:24:29Z,773,xma
667,2019-03-03T21:53:32Z,321,tha
668,2018-11-28T01:13:33Z,326,med
669,2019-05-22T23:29:28Z,56,cla
670,2018-12-31T16:18:16Z,279,tha
671,2018-11-06T14:36:40Z,982,dens
672,2019-09-07T15:36:51Z,316,dia
673,2019-07-17T18:52:36Z,939,den
674,2018-12-04T00:40:51Z,828,vis
675,2019-03-01T09:24:43Z,25,tha
676,2019-09-18T20:46:26Z,906,imm
677,2019-06-01T23:21:16Z,753,imm
678,2019-04-03T16:42:32Z,501,xma
679,2019-08-14T07:12:03Z,620,wic
680,2019-03-04T03:37:04Z,151,cla
681,2018-11-24T13:21:57Z,86,imm
682,2019-04-29T08:07:45Z,819,imm
683,2019-08-06T00:06:07Z,678,den
684,2019-04-17T23:20:39Z,48,xma
685,2018-12-06T08:13:52Z,281,xma
686,2019-04-01T03:14:08Z,8,thk
687,2019-09-20T01:05:10Z,578,imm
688,2019-10-15T14:40:53Z,343,tha
689,2019-06-24T19:04:10Z,631,wic
690,2019-03-09T15:18:16Z,654,tha
691,2019-07-26T16:48:40Z,705,dens
692,2019-06-22T10:13:51Z,240,den
693,2019-10-19T23:27:39Z,103,dens
694,2019-09-29T08:47:39Z,758,dens
695,2019-07-08T07:34:47Z,186,toy
696,2019-05-02T00:50:41Z,481,med
697,2019-05-29T23:49:39Z,958,dens
698,2019-10-12T01:06:28Z,910,ahc
699,2019-01-23T17:30:57Z,180,den
700,2018-11-14T16:17:12Z,476,toy
701,2019-02-27T06:29:22Z,488,imm
702,2019-02-03T14:51:38Z,41,tha
703,2019-08-09T09:12:19Z,125,imm
704,2019-06-20T21:44:10Z,226,toy
705,2019-06-28T19:02:16Z,244,xma
706,2019-01-17T07:45:38Z,414,wic
707,2018-12-14T06:49:40Z,697,toy
708,2019-08-19T01:31:43Z,173,dia
709,2019-05-21T21:50:52Z,314,den
710,2018-11-06T01:46:15Z,532,den
711,2018-12-15T04:34:03Z,133,toy
712,2019-02-06T12:09:46Z,838,thk
713,2018-12-02T14:47:38Z,710,foo
714,2019-01-05T16:24:43Z,476,imm
715,2019-02-24T02:13:05Z,272,den
716,2019-05-13T09:17:06Z,18,thk
717,2019-04-27T17:36:53Z,188,cla
718,2019-01-24T03:08:38Z,388,wic
719,2019-01-19T04:29:22Z,273,dia
720,2019-02-18T04:17:19Z,670,imm
721,2018-11-19T13:43:18Z,681,tha
722,2019-02-12T04:53:37Z,644,imm
723,2019-06-08T06:51:21Z,608,vis
724,2019-03-19T03:24:49Z,426,den
725,2018-12-27T01:58:15Z,693,dens
726,2018-11-03T00:45:08Z,316,xma
727,2019-10-02T04:01:06Z,606,tha
728,2018-12-13T01:10:16Z,747,vis
729,2019-09-11T01:57:01Z,674,dens
730,2019-03-07T04:21:18Z,643,thk
731,2019-06-04T23:04:38Z,217,den
732,2019-10-06T02:10:21Z,695,vis
733,2019-02-21T02:48:34Z,796,wic
734,2019-05-18T02:20:36Z,625,den
735,2019-05-13T01:36:38Z,749,toy
736,2018-12-03T08:59:02Z,452,tha
737,2019-09-26T03:34:04Z,724,toy
738,2019-07-25T18:28:01Z,217,wic
739,2019-04-28T06:46:09Z,906,vis
740,2019-05-31T07:45:27Z,217,dia
741,2019-09-19T19:00:16Z,275,wic
742,2019-01-04T16:54:49Z,102,toy
743,2019-07-19T05:37:48Z,324,thk
744,2019-05-06T05:18:18Z,426,wic
745,2019-05-21T05:48:15Z,9,vis
746,2018-11-02T18:48:20Z,896,ahc
747,2019-02-05T16:34:50Z,787,vis
748,2018-11-27T14:24:45Z,848,den
749,2019-04-21T20:49:23Z,553,ahc
750,2019-06-09T04:50:41Z,676,toy
751,2018-10-27T15:14:00Z,258,dia
752,2019-01-27T20:54:47Z,991,dia
753,2019-02-08T10:17:33Z,361,wic
754,2019-03-17T14:10:13Z,306,med
755,2019-08-11T06:48:41Z,156,cla
756,2019-06-02T02:38:15Z,614,ahc
757,2019-06-19T22:37:26Z,229,dens
758,2018-12-25T02:34:38Z,346,med
759,2018-11-03T01:36:33Z,512,dens
760,2019-05-24T03:09:11Z,201,den
761,2019-09-03T14:17:42Z,342,med
762,2019-09-12T10:42:29Z,652,tha
763,2019-05-02T15:19:57Z,826,toy
764,2018-12-07T07:35:50Z,991,cla
765,2019-03-18T23:49:33Z,317,cla
766,2019-10-18T01:49:51Z,17,dia
767,2019-08-03T04:30:07Z,671,dens
768,2019-05-15T03:05:15Z,541,imm
769,2019-02-12T04:37:34Z,483,foo
770,2019-01-22T07:50:52Z,903,vis
771,2019-03-27T17:06:02Z,913,dens
772,2019-02-19T10:07:28Z,72,med
773,2019-08-05T14:26:40Z,271,dens
774,2019-01-17T23:16:25Z,633,foo
775,2018-11-21T09:50:47Z,613,xma
776,2019-09-25T21:26:00Z,552,ahc
777,2019-06-11T22:27:37Z,740,dia
778,2019-05-20T00:56:04Z,136,cla
779,2019-08-11T06:30:59Z,791,xma
780,2018-11-28T22:43:06Z,214,cla
781,2018-11-30T02:16:56Z,574,imm
782,2019-10-07T08:45:04Z,496,vis
783,2019-02-21T20:54:12Z,506,den
784,2019-09-11T16:49:52Z,313,toy
785,2018-11-19T03:35:17Z,306,toy
786,2018-11-19T21:10:57Z,803,tha
787,2018-12-12T09:50:58Z,360,imm
788,2019-05-06T10:01:52Z,969,thk
789,2019-02-14T08:04:50Z,333,toy
790,2019-08-24T14:35:15Z,266,med
791,2019-03-29T22:36:40Z,797,dia
792,2019-07-13T10:16:17Z,870,ahc
793,2018-12-13T18:43:06Z,112,xma
794,2019-09-04T04:27:46Z,671,dens
795,2019-06-17T05:17:17Z,815,ahc
796,2019-04-06T08:10:07Z,503,den
797,2019-04-16T21:46:22Z,475,vis
798,2019-01-28T11:32:11Z,83,den
799,2019-08-28T03:28:51Z,745,den
800,2019-06-01T21:47:42Z,748,xma
801,2019-01-01T11:55:51Z,507,cla
802,2019-02-07T17:47:19Z,587,tha
803,2019-07-11T05:55:52Z,180,tha
804,2019-10-19T18:10:14Z,294,wic
805,2019-05-09T17:38:48Z,935,tha
806,2019-06-12T00:56:46Z,862,toy
807,2019-06-10T22:45:49Z,405,dens
808,2019-05-24T12:54:27Z,824,ahc
809,2019-08-12T01:47:22Z,104,foo
810,2019-08-26T17:07:54Z,274,toy
811,2019-06-04T03:29:04Z,274,ahc
812,2019-03-04T01:34:46Z,17,dia
813,2019-07-29T07:40:00Z,376,toy
814,2019-10-13T08:06:37Z,397,cla
815,2019-05-02T09:29:38Z,471,thk
816,2019-01-02T01:58:10Z,664,dia
817,2018-11-23T20:56:24Z,710,imm
818,2019-06-29T09:45:03Z,419,tha
819,2019-05-19T10:18:01Z,842,tha
820,2018-10-30T18:42:08Z,777,dia
821,2019-08-02T21:11:17Z,766,ahc
822,2019-01-11T08:45:18Z,199,med
823,2018-12-24T18:08:46Z,526,thk
824,2019-10-08T19:37:31Z,321,wic
825,2019-08-27T23:28:04Z,492,tha
826,2019-08-08T03:13:52Z,434,ahc
827,2019-08-10T13:19:54Z,80,ahc
828,2019-05-08T11:30:36Z,501,den
829,2019-02-11T18:40:54Z,915,imm
830,2019-04-14T14:51:34Z,974,den
831,2019-04-08T09:34:46Z,289,med
832,2018-12-22T07:36:48Z,107,imm
833,2019-09-26T18:34:01Z,158,vis
834,2019-06-11T16:45:28Z,206,imm
835,2019-07-29T14:42:36Z,164,med
836,2019-03-03T19:11:48Z,421,ahc
837,2019-08-13T08:44:03Z,527,toy
838,2019-08-24T11:13:21Z,250,dia
839,2019-07-28T22:25:30Z,864,med
840,2019-01-21T22:52:11Z,207,dia
841,2019-04-07T06:15:30Z,262,vis
842,2019-01-16T02:26:12Z,941,tha
843,2019-03-31T09:53:58Z,779,tha
844,2019-06-06T11:01:57Z,32,dens
845,2019-07-13T08:00:42Z,157,vis
846,2018-10-30T19:59:45Z,240,vis
847,2019-09-26T22:56:56Z,47,foo
848,2019-08-03T16:21:50Z,827,thk
849,2018-11-28T17:46:50Z,4,cla
850,2019-05-11T16:22:39Z,667,ahc
851,2019-08-11T18:09:34Z,8,xma
852,2018-11-15T07:10:21Z,834,imm
853,2019-05-04T17:43:32Z,673,cla
854,2019-04-12T09:04:22Z,726,xma
855,2018-11-03T08:08:57Z,973,den
856,2019-05-08T10:29:35Z,295,imm
857,2019-07-05T02:00:49Z,719,cla
858,2019-09-23T19:36:28Z,780,tha
859,2018-11-02T17:41:26Z,889,foo
860,2019-10-13T21:20:03Z,696,imm
861,2019-02-13T19:38:03Z,478,med
862,2019-07-23T06:45:32Z,38,foo
863,2019-01-05T21:19:04Z,3,med
864,2018-11-07T12:09:10Z,17,tha
865,2019-10-06T23:03:16Z,204,foo
866,2019-04-14T09:27:07Z,775,foo
867,2019-07-30T05:26:24Z,734,tha
868,2019-01-11T18:22:55Z,420,med
869,2019-10-14T10:59:12Z,341,tha
870,2019-09-11T20:56:06Z,635,dia
871,2019-08-13T20:13:30Z,385,xma
872,2019-07-02T07:55:45Z,666,thk
873,2019-04-14T12:42:33Z,541,thk
874,2019-02-06T14:46:52Z,596,ahc
875,2019-06-10T11:12:38Z,280,den
876,2019-02-08T07:01:42Z,2,vis
877,2019-01-25T20:53:34Z,589,dia
878,2019-07-19T09:17:42Z,280,med
879,2019-01-13T09:27:10Z,814,xma
880,2019-06-07T18:04:00Z,348,med
881,2019-02-23T07:47:06Z,257,ahc
882,2018-12-26T13:56:14Z,246,dens
883,2019-06-10T06:42:20Z,928,den
884,2019-04-19T07:21:17Z,71,dens
885,2019-08-28T00:33:46Z,847,xma
886,2019-09-11T00:16:27Z,925,ahc
887,2018-11-23T00:10:47Z,303,tha
888,2019-09-09T22:16:23Z,795,vis
889,2019-01-02T01:40:19Z,620,imm
890,2018-11-12T03:59:02Z,495,ahc
891,2019-05-26T19:16:01Z,242,foo
892,2019-10-07T01:29:34Z,994,wic
893,2019-08-19T13:55:35Z,638,med
894,2019-05-30T14:30:08Z,523,thk
895,2019-07-01T09:51:36Z,933,wic
896,2019-02-05T04:36:12Z,587,foo
897,2019-01-24T17:41:59Z,747,den
898,2019-04-23T06:34:10Z,779,med
899,2019-03-24T19:26:12Z,139,imm
900,2019-01-08T07:37:34Z,309,dens
901,2018-11-25T14:15:42Z,810,imm
902,2019-03-08T07:37:43Z,834,ahc
903,2019-03-31T08:51:52Z,771,den
904,2019-02-04T22:39:50Z,488,vis
905,2019-10-02T22:40:38Z,279,toy
906,2019-07-30T23:23:54Z,490,med
907,2019-07-05T05:34:35Z,545,tha
908,2018-10-23T15:49:16Z,58,imm
909,2019-03-19T11:18:38Z,851,tha
910,2019-09-17T09:52:15Z,289,foo
911,2019-03-24T14:47:22Z,827,tha
912,2019-05-31T19:37:45Z,8,den
913,2019-09-15T21:31:01Z,18,med
914,2019-09-01T03:27:47Z,298,imm
915,2019-01-03T22:04:06Z,693,den
916,2019-09-13T13:10:13Z,309,foo
917,2019-03-08T20:03:21Z,768,dens
918,2018-10-25T13:44:46Z,582,vis
919,2019-02-11T04:31:46Z,419,foo
920,2019-01-11T09:33:42Z,293,cla
921,2019-04-15T21:36:33Z,619,cla
922,2019-06-02T09:10:34Z,260,toy
923,2019-09-20T17:55:49Z,538,imm
924,2019-07-12T02:57:32Z,297,thk
925,2019-02-21T11:50:05Z,526,thk
926,2019-03-11T11:09:02Z,76,xma
927,2019-03-12T22:52:40Z,589,dia
928,2019-02-14T17:04:55Z,492,med
929,2019-07-16T09:47:04Z,33,vis
930,2019-09-25T19:02:19Z,846,dia
931,2019-09-05T17:23:44Z,576,imm
932,2019-08-02T01:24:22Z,170,toy
933,2018-12-29T14:49:01Z,917,den
934,2019-08-12T06:10:54Z,196,med
935,2019-07-13T15:31:28Z,201,cla
936,2018-11-17T11:50:51Z,622,ahc
937,2019-04-04T05:48:25Z,640,tha
938,2018-11-09T15:24:42Z,919,wic
939,2019-06-03T23:20:57Z,962,xma
940,2018-12-27T23:05:10Z,23,dia
941,2019-01-06T12:58:04Z,960,dia
942,2019-09-01T13:43:31Z,815,ahc
943,2019-07-07T03:09:10Z,437,ahc
944,2019-09-13T03:00:03Z,307,foo
945,2019-02-10T04:20:24Z,431,vis
946,2018-12-29T05:26:02Z,811,den
947,2019-03-22T06:04:44Z,813,med
948,2019-08-06T14:47:07Z,999,cla
949,2018-12-02T08:20:45Z,109,cla
950,2019-03-07T12:34:01Z,755,dens
951,2019-04-25T17:29:05Z,366,med
952,2019-02-12T05:55:27Z,46,med
953,2019-04-28T09:55:42Z,482,toy
954,2019-07-27T13:27:48Z,16,ahc
955,2018-12-29T14:20:43Z,482,cla
956,2019-02-07T14:16:35Z,131,vis
957,2019-09-05T01:20:29Z,930,toy
958,2019-02-23T22:16:02Z,491,xma
959,2019-09-08T05:42:50Z,673,dia
960,2019-09-20T17:14:46Z,854,dia
961,2019-03-14T10:57:39Z,206,ahc
962,2019-06-30T19:20:27Z,135,dens
963,2018-11-14T18:55:13Z,924,xma
964,2019-06-27T19:54:13Z,343,imm
965,2019-01-08T03:46:20Z,884,dens
966,2019-02-09T02:53:27Z,699,den
967,2019-04-01T12:40:53Z,419,wic
968,2019-05-05T08:44:59Z,531,thk
969,2019-07-31T20:12:40Z,348,wic
970,2018-11-05T16:04:28Z,987,foo
971,2019-01-30T01:30:51Z,885,toy
972,2019-05-21T22:06:01Z,574,den
973,2019-07-25T18:43:17Z,409,vis
974,2018-10-25T22:29:45Z,160,imm
975,2019-02-09T03:14:42Z,373,foo
976,2019-07-04T16:03:12Z,386,den
977,2019-05-30T21:33:37Z,664,foo
978,2019-09-26T02:32:27Z,742,dia
979,2019-02-01T22:32:54Z,983,vis
980,2019-01-03T02:03:48Z,940,vis
981,2019-09-05T21:37:59Z,406,med
982,2019-08-04T19:48:16Z,580,den
983,2019-08-27T14:13:52Z,768,den
984,2019-03-24T07:51:16Z,813,med
985,2018-11-04T15:22:39Z,965,toy
986,2019-05-22T00:04:16Z,589,wic
987,2018-11-04T22:31:57Z,751,toy
988,2018-12-16T06:55:44Z,324,den
989,2019-02-10T19:56:07Z,438,vis
990,2019-05-03T02:33:44Z,744,foo
991,2019-08-14T17:06:51Z,547,imm
992,2019-10-19T05:35:16Z,451,wic
993,2019-06-17T03:25:54Z,237,wic
994,2019-04-02T05:49:05Z,682,med
995,2019-01-12T15:44:35Z,661,vis
996,2018-10-22T15:51:48Z,517,toy
997,2019-09-04T18:12:03Z,640,vis
998,2019-08-27T06:32:22Z,636,ahc
999,2018-10-20T11:46:39Z,396,med
1000,2019-08-14T23:53:10Z,279,cla